{
  "r2_train": 0.5266418821529739,
  "r2_test": 0.40952760239370334,
  "mae_test": 1.5618572053431277,
  "rmse_test": 2.169634798398533,
  "coefficients": {
    "message_frequency": 0.33813003686671006,
    "message_length": -0.003798979754207882,
    "word_count": 0.030756358041379085,
    "prev_month_score": -0.04634267397316361
  },
  "intercept": -0.08218931446072597
}